R,nome,squadra
C,Adli,Milan,,,https://www.fantacalcio.it/ricerca?q=Adli,,,,,,,,,,,,,,,,
C,Adopo,Atalanta,,,https://www.fantacalcio.it/ricerca?q=Adopo,,,,,,,,,,,,,,,,
C,Aebischer,Bologna,,,https://www.fantacalcio.it/ricerca?q=Aebischer,,,,,,,,,,,,,,,,
C,Akpa Akpro,Monza,,,https://www.fantacalcio.it/ricerca?q=Akpa Akpro,,,,,,,,,,,,,,,,
C,Amatucci,Fiorentina,,,https://www.fantacalcio.it/ricerca?q=Amatucci,,,,,,,,,,,,,,,,
C,Aouar,Roma,Dom,9,https://www.fantacalcio.it/ricerca?q=Aouar,,,,,,,,,,,,,,,,
C,Arthur Melo,Fiorentina,,,https://www.fantacalcio.it/ricerca?q=Arthur Melo,,,,,,,,,,,,,,,,
C,Asllani,Inter,,,https://www.fantacalcio.it/ricerca?q=Asllani,,,,,,,,,,,,,,,,
C,Badelj,Genoa,,,https://www.fantacalcio.it/ricerca?q=Badelj,,,,,,,,,,,,,,,,
C,Baez,Frosinone,,,https://www.fantacalcio.it/ricerca?q=Baez,,,,,,,,,,,,,,,,
C,Bajrami,Sassuolo,,,https://www.fantacalcio.it/ricerca?q=Bajrami,,,,,,,,,,,,,,,,
C,Baldanzi,Empoli,,,https://www.fantacalcio.it/ricerca?q=Baldanzi,,,,,,,,,,,,,,,,
C,Barak,Fiorentina,,,https://www.fantacalcio.it/ricerca?q=Barak,,,,,,,,,,,,,,,,
C,Barella,Inter,,,https://www.fantacalcio.it/ricerca?q=Barella,,,,,,,,,,,,,,,,
C,Barrenechea,Frosinone,,,https://www.fantacalcio.it/ricerca?q=Barrenechea,,,,,,,,,,,,,,,,
C,Basic,Lazio,,,https://www.fantacalcio.it/ricerca?q=Basic,,,,,,,,,,,,,,,,
C,Belardinelli,Empoli,,,https://www.fantacalcio.it/ricerca?q=Belardinelli,,,,,,,,,,,,,,,,
C,Bennacer,Milan,,,https://www.fantacalcio.it/ricerca?q=Bennacer,,,,,,,,,,,,,,,,
C,Blin,Lecce,,,https://www.fantacalcio.it/ricerca?q=Blin,,,,,,,,,,,,,,,,
C,Bohinen,Salernitana,,,https://www.fantacalcio.it/ricerca?q=Bohinen,,,,,,,,,,,,,,,,
C,Boloca,Sassuolo,,,https://www.fantacalcio.it/ricerca?q=Boloca,,,,,,,,,,,,,,,,
C,Bonaventura,Fiorentina,,,https://www.fantacalcio.it/ricerca?q=Bonaventura,,,,,,,,,,,,,,,,
C,Bondo,Monza,,,https://www.fantacalcio.it/ricerca?q=Bondo,,,,,,,,,,,,,,,,
C,Bourabia,Frosinone,,,https://www.fantacalcio.it/ricerca?q=Bourabia,,,,,,,,,,,,,,,,
C,Bove,Roma,,,https://www.fantacalcio.it/ricerca?q=Bove,,,,,,,,,,,,,,,,
C,Brescianini,Frosinone,,,https://www.fantacalcio.it/ricerca?q=Brescianini,,,,,,,,,,,,,,,,
C,Cajuste,Napoli,,,https://www.fantacalcio.it/ricerca?q=Cajuste,,,,,,,,,,,,,,,,
C,Calhanoglu,Inter,,,https://www.fantacalcio.it/ricerca?q=Calhanoglu,,,,,,,,,,,,,,,,
C,Camara E.,Udinese,Matteo,1,https://www.fantacalcio.it/ricerca?q=Camara E.,,,,,,,,,,,,,,,,
C,Candreva,Salernitana,,,https://www.fantacalcio.it/ricerca?q=Candreva,,,,,,,,,,,,,,,,
C,Carboni V.,Monza,,,https://www.fantacalcio.it/ricerca?q=Carboni V.,,,,,,,,,,,,,,,,
C,Castillejo,Sassuolo,,,https://www.fantacalcio.it/ricerca?q=Castillejo,,,,,,,,,,,,,,,,
C,Castrovilli,Fiorentina,,,https://www.fantacalcio.it/ricerca?q=Castrovilli,,,,,,,,,,,,,,,,
C,Cataldi,Lazio,,,https://www.fantacalcio.it/ricerca?q=Cataldi,,,,,,,,,,,,,,,,
C,Chukwueze,Milan,,,https://www.fantacalcio.it/ricerca?q=Chukwueze,,,,,,,,,,,,,,,,
C,Ciurria,Monza,,,https://www.fantacalcio.it/ricerca?q=Ciurria,,,,,,,,,,,,,,,,
C,Colpani,Monza,,,https://www.fantacalcio.it/ricerca?q=Colpani,,,,,,,,,,,,,,,,
C,Coulibaly L.,Salernitana,,,https://www.fantacalcio.it/ricerca?q=Coulibaly L.,,,,,,,,,,,,,,,,
C,Cristante,Roma,,,https://www.fantacalcio.it/ricerca?q=Cristante,,,,,,,,,,,,,,,,
C,De Ketelaere,Atalanta,,,https://www.fantacalcio.it/ricerca?q=De Ketelaere,,,,,,,,,,,,,,,,
C,De Roon,Atalanta,,,https://www.fantacalcio.it/ricerca?q=De Roon,,,,,,,,,,,,,,,,
C,Deiola,Cagliari,,,https://www.fantacalcio.it/ricerca?q=Deiola,,,,,,,,,,,,,,,,
C,Demme,Napoli,,,https://www.fantacalcio.it/ricerca?q=Demme,,,,,,,,,,,,,,,,
C,Duda,Verona,,,https://www.fantacalcio.it/ricerca?q=Duda,,,,,,,,,,,,,,,,
C,Duncan,Fiorentina,,,https://www.fantacalcio.it/ricerca?q=Duncan,,,,,,,,,,,,,,,,
C,Ederson D.s.,Atalanta,,,https://www.fantacalcio.it/ricerca?q=Ederson D.s.,,,,,,,,,,,,,,,,
C,El Azzouzi,Bologna,,,https://www.fantacalcio.it/ricerca?q=El Azzouzi,,,,,,,,,,,,,,,,
C,El Shaarawy,Roma,,,https://www.fantacalcio.it/ricerca?q=El Shaarawy,,,,,,,,,,,,,,,,
C,Elmas,Napoli,,,https://www.fantacalcio.it/ricerca?q=Elmas,,,,,,,,,,,,,,,,
C,Fabbian,Bologna,,,https://www.fantacalcio.it/ricerca?q=Fabbian,,,,,,,,,,,,,,,,
C,Fagioli,Juventus,,,https://www.fantacalcio.it/ricerca?q=Fagioli,,,,,,,,,,,,,,,,
C,Faticanti,Lecce,,,https://www.fantacalcio.it/ricerca?q=Faticanti,,,,,,,,,,,,,,,,
C,Fazzini,Empoli,,,https://www.fantacalcio.it/ricerca?q=Fazzini,,,,,,,,,,,,,,,,
C,Felipe Anderson,Lazio,,,https://www.fantacalcio.it/ricerca?q=Felipe Anderson,,,,,,,,,,,,,,,,
C,Ferguson,Bologna,,,https://www.fantacalcio.it/ricerca?q=Ferguson,,,,,,,,,,,,,,,,
C,Folorunsho,Verona,,,https://www.fantacalcio.it/ricerca?q=Folorunsho,,,,,,,,,,,,,,,,
C,Frattesi,Inter,,,https://www.fantacalcio.it/ricerca?q=Frattesi,,,,,,,,,,,,,,,,
C,Frendrup,Genoa,,,https://www.fantacalcio.it/ricerca?q=Frendrup,,,,,,,,,,,,,,,,
C,Freuler,Bologna,,,https://www.fantacalcio.it/ricerca?q=Freuler,,,,,,,,,,,,,,,,
C,Gaetano,Napoli,,,https://www.fantacalcio.it/ricerca?q=Gaetano,,,,,,,,,,,,,,,,
C,Gagliardini,Monza,,,https://www.fantacalcio.it/ricerca?q=Gagliardini,,,,,,,,,,,,,,,,
C,Garritano,Frosinone,,,https://www.fantacalcio.it/ricerca?q=Garritano,,,,,,,,,,,,,,,,
C,Gelli,Frosinone,,,https://www.fantacalcio.it/ricerca?q=Gelli,,,,,,,,,,,,,,,,
C,Gineitis,Torino,,,https://www.fantacalcio.it/ricerca?q=Gineitis,,,,,,,,,,,,,,,,
C,Gonzalez J.,Lecce,,,https://www.fantacalcio.it/ricerca?q=Gonzalez J.,,,,,,,,,,,,,,,,
C,Grassi,Empoli,,,https://www.fantacalcio.it/ricerca?q=Grassi,,,,,,,,,,,,,,,,
C,Gudmundsson A.,Genoa,,,https://www.fantacalcio.it/ricerca?q=Gudmundsson A.,,,,,,,,,,,,,,,,
C,Guendouzi,Lazio,,,https://www.fantacalcio.it/ricerca?q=Guendouzi,,,,,,,,,,,,,,,,
C,Gyasi,Empoli,,,https://www.fantacalcio.it/ricerca?q=Gyasi,,,,,,,,,,,,,,,,
C,Haas,Empoli,,,https://www.fantacalcio.it/ricerca?q=Haas,,,,,,,,,,,,,,,,
C,Harroui,Frosinone,,,https://www.fantacalcio.it/ricerca?q=Harroui,,,,,,,,,,,,,,,,
C,Hongla,Verona,,,https://www.fantacalcio.it/ricerca?q=Hongla,,,,,,,,,,,,,,,,
C,Hrustic,Verona,,,https://www.fantacalcio.it/ricerca?q=Hrustic,,,,,,,,,,,,,,,,
C,Ikone',Fiorentina,,,https://www.fantacalcio.it/ricerca?q=Ikone',,,,,,,,,,,,,,,,
C,Ilic,Torino,,,https://www.fantacalcio.it/ricerca?q=Ilic,,,,,,,,,,,,,,,,
C,Iling Junior,Juventus,,,https://www.fantacalcio.it/ricerca?q=Iling Junior,,,,,,,,,,,,,,,,
C,Infantino,Fiorentina,,,https://www.fantacalcio.it/ricerca?q=Infantino,,,,,,,,,,,,,,,,
C,Jagiello,Genoa,,,https://www.fantacalcio.it/ricerca?q=Jagiello,,,,,,,,,,,,,,,,
C,Jankto,Cagliari,,,https://www.fantacalcio.it/ricerca?q=Jankto,,,,,,,,,,,,,,,,
C,Joselito,Verona,,,https://www.fantacalcio.it/ricerca?q=Joselito,,,,,,,,,,,,,,,,
C,Kaba,Lecce,,,https://www.fantacalcio.it/ricerca?q=Kaba,,,,,,,,,,,,,,,,
C,Kamada,Lazio,,,https://www.fantacalcio.it/ricerca?q=Kamada,,,,,,,,,,,,,,,,
C,Kastanos,Salernitana,,,https://www.fantacalcio.it/ricerca?q=Kastanos,,,,,,,,,,,,,,,,
C,Klaassen,Inter,,,https://www.fantacalcio.it/ricerca?q=Klaassen,,,,,,,,,,,,,,,,
C,Koopmeiners,Atalanta,,,https://www.fantacalcio.it/ricerca?q=Koopmeiners,,,,,,,,,,,,,,,,
C,Kostic,Juventus,,,https://www.fantacalcio.it/ricerca?q=Kostic,,,,,,,,,,,,,,,,
C,Kovalenko,Empoli,,,https://www.fantacalcio.it/ricerca?q=Kovalenko,,,,,,,,,,,,,,,,
C,Krunic,Milan,,,https://www.fantacalcio.it/ricerca?q=Krunic,,,,,,,,,,,,,,,,
C,Kutlu,Genoa,,,https://www.fantacalcio.it/ricerca?q=Kutlu,,,,,,,,,,,,,,,,
C,Lazovic,Verona,,,https://www.fantacalcio.it/ricerca?q=Lazovic,,,,,,,,,,,,,,,,
C,Legowski,Salernitana,,,https://www.fantacalcio.it/ricerca?q=Legowski,,,,,,,,,,,,,,,,
C,Lindstrom,Napoli,,,https://www.fantacalcio.it/ricerca?q=Lindstrom,,,,,,,,,,,,,,,,
C,Linetty,Torino,,,https://www.fantacalcio.it/ricerca?q=Linetty,,,,,,,,,,,,,,,,
C,Lipani,Sassuolo,,,https://www.fantacalcio.it/ricerca?q=Lipani,,,,,,,,,,,,,,,,
C,Lobotka,Napoli,,,https://www.fantacalcio.it/ricerca?q=Lobotka,,,,,,,,,,,,,,,,
C,Locatelli,Juventus,,,https://www.fantacalcio.it/ricerca?q=Locatelli,,,,,,,,,,,,,,,,
C,Loftus-Cheek,Milan,,,https://www.fantacalcio.it/ricerca?q=Loftus-Cheek,,,,,,,,,,,,,,,,
C,Lopez M.,Fiorentina,,,https://www.fantacalcio.it/ricerca?q=Lopez M.,,,,,,,,,,,,,,,,
C,Lovric,Udinese,,,https://www.fantacalcio.it/ricerca?q=Lovric,,,,,,,,,,,,,,,,
C,Luis Alberto,Lazio,,,https://www.fantacalcio.it/ricerca?q=Luis Alberto,,,,,,,,,,,,,,,,
C,Lulic K.,Frosinone,,,https://www.fantacalcio.it/ricerca?q=Lulic K.,,,,,,,,,,,,,,,,
C,Machin,Monza,,,https://www.fantacalcio.it/ricerca?q=Machin,,,,,,,,,,,,,,,,
C,Maggiore,Salernitana,,,https://www.fantacalcio.it/ricerca?q=Maggiore,,,,,,,,,,,,,,,,
C,Makoumbou,Cagliari,,,https://www.fantacalcio.it/ricerca?q=Makoumbou,,,,,,,,,,,,,,,,
C,Maldini,Empoli,,,https://www.fantacalcio.it/ricerca?q=Maldini,,,,,,,,,,,,,,,,
C,Maleh,Empoli,,,https://www.fantacalcio.it/ricerca?q=Maleh,,,,,,,,,,,,,,,,
C,Malinovskyi,Genoa,,,https://www.fantacalcio.it/ricerca?q=Malinovskyi,,,,,,,,,,,,,,,,
C,Mancosu,Cagliari,,,https://www.fantacalcio.it/ricerca?q=Mancosu,,,,,,,,,,,,,,,,
C,Mandragora,Fiorentina,,,https://www.fantacalcio.it/ricerca?q=Mandragora,,,,,,,,,,,,,,,,
C,Marin,Empoli,,,https://www.fantacalcio.it/ricerca?q=Marin,,,,,,,,,,,,,,,,
C,Martegani,Salernitana,,,https://www.fantacalcio.it/ricerca?q=Martegani,,,,,,,,,,,,,,,,
C,Matheus Henrique,Sassuolo,,,https://www.fantacalcio.it/ricerca?q=Matheus Henrique,,,,,,,,,,,,,,,,
C,Mazzitelli,Frosinone,,,https://www.fantacalcio.it/ricerca?q=Mazzitelli,,,,,,,,,,,,,,,,
C,Mboula,Verona,,,https://www.fantacalcio.it/ricerca?q=Mboula,,,,,,,,,,,,,,,,
C,Mckennie,Juventus,,,https://www.fantacalcio.it/ricerca?q=Mckennie,,,,,,,,,,,,,,,,
C,Messias,Genoa,,,https://www.fantacalcio.it/ricerca?q=Messias,,,,,,,,,,,,,,,,
C,Miranchuk,Atalanta,,,https://www.fantacalcio.it/ricerca?q=Miranchuk,,,,,,,,,,,,,,,,
C,Miretti,Juventus,,,https://www.fantacalcio.it/ricerca?q=Miretti,,,,,,,,,,,,,,,,
C,Mkhitaryan,Inter,,,https://www.fantacalcio.it/ricerca?q=Mkhitaryan,,,,,,,,,,,,,,,,
C,Moro N.,Bologna,,,https://www.fantacalcio.it/ricerca?q=Moro N.,,,,,,,,,,,,,,,,
C,Musah,Milan,,,https://www.fantacalcio.it/ricerca?q=Musah,,,,,,,,,,,,,,,,
C,Nandez,Cagliari,,,https://www.fantacalcio.it/ricerca?q=Nandez,,,,,,,,,,,,,,,,
C,Ndoye,Bologna,,,https://www.fantacalcio.it/ricerca?q=Ndoye,,,,,,,,,,,,,,,,
C,Nicolussi Caviglia,Juventus,,,https://www.fantacalcio.it/ricerca?q=Nicolussi Caviglia,,,,,,,,,,,,,,,,
C,Obiang,Sassuolo,,,https://www.fantacalcio.it/ricerca?q=Obiang,,,,,,,,,,,,,,,,
C,Oristanio,Cagliari,,,https://www.fantacalcio.it/ricerca?q=Oristanio,,,,,,,,,,,,,,,,
C,Orsolini,Bologna,,,https://www.fantacalcio.it/ricerca?q=Orsolini,,,,,,,,,,,,,,,,
C,Oudin,Lecce,,,https://www.fantacalcio.it/ricerca?q=Oudin,,,,,,,,,,,,,,,,
C,Pafundi,Udinese,,,https://www.fantacalcio.it/ricerca?q=Pafundi,,,,,,,,,,,,,,,,
C,Pagano,Roma,,,https://www.fantacalcio.it/ricerca?q=Pagano,,,,,,,,,,,,,,,,
C,Paredes,Roma,,,https://www.fantacalcio.it/ricerca?q=Paredes,,,,,,,,,,,,,,,,
C,Pasalic,Atalanta,,,https://www.fantacalcio.it/ricerca?q=Pasalic,,,,,,,,,,,,,,,,
C,Payero,Udinese,,,https://www.fantacalcio.it/ricerca?q=Payero,,,,,,,,,,,,,,,,
C,Pellegrini Lo.,Roma,,,https://www.fantacalcio.it/ricerca?q=Pellegrini Lo.,,,,,,,,,,,,,,,,
C,Pessina,Monza,,,https://www.fantacalcio.it/ricerca?q=Pessina,,,,,,,,,,,,,,,,
C,Pobega,Milan,,,https://www.fantacalcio.it/ricerca?q=Pobega,,,,,,,,,,,,,,,,
C,Pogba,Juventus,,,https://www.fantacalcio.it/ricerca?q=Pogba,,,,,,,,,,,,,,,,
C,Politano,Napoli,,,https://www.fantacalcio.it/ricerca?q=Politano,,,,,,,,,,,,,,,,
C,Prati,Cagliari,,,https://www.fantacalcio.it/ricerca?q=Prati,,,,,,,,,,,,,,,,
C,Pulisic,Milan,,,https://www.fantacalcio.it/ricerca?q=Pulisic,,,,,,,,,,,,,,,,
C,Quina,Udinese,,,https://www.fantacalcio.it/ricerca?q=Quina,,,,,,,,,,,,,,,,
C,Rabiot,Juventus,,,https://www.fantacalcio.it/ricerca?q=Rabiot,,,,,,,,,,,,,,,,
C,Racic,Sassuolo,,,https://www.fantacalcio.it/ricerca?q=Racic,,,,,,,,,,,,,,,,
C,Radonjic,Torino,,,https://www.fantacalcio.it/ricerca?q=Radonjic,,,,,,,,,,,,,,,,
C,Rafia,Lecce,,,https://www.fantacalcio.it/ricerca?q=Rafia,,,,,,,,,,,,,,,,
C,Ramadani,Lecce,,,https://www.fantacalcio.it/ricerca?q=Ramadani,,,,,,,,,,,,,,,,
C,Ranocchia F.,Empoli,,,https://www.fantacalcio.it/ricerca?q=Ranocchia F.,,,,,,,,,,,,,,,,
C,Reijnders,Milan,,,https://www.fantacalcio.it/ricerca?q=Reijnders,,,,,,,,,,,,,,,,
C,Reinier,Frosinone,,,https://www.fantacalcio.it/ricerca?q=Reinier,,,,,,,,,,,,,,,,
C,Renato Sanches,Roma,,,https://www.fantacalcio.it/ricerca?q=Renato Sanches,,,,,,,,,,,,,,,,
C,Ricci S.,Torino,,,https://www.fantacalcio.it/ricerca?q=Ricci S.,,,,,,,,,,,,,,,,
C,Rog,Cagliari,,,https://www.fantacalcio.it/ricerca?q=Rog,,,,,,,,,,,,,,,,
C,Romero L.,Milan,,,https://www.fantacalcio.it/ricerca?q=Romero L.,,,,,,,,,,,,,,,,
C,Rovella,Lazio,,,https://www.fantacalcio.it/ricerca?q=Rovella,,,,,,,,,,,,,,,,
C,Sabiri,Fiorentina,,,https://www.fantacalcio.it/ricerca?q=Sabiri,,,,,,,,,,,,,,,,
C,Saelemaekers,Bologna,,,https://www.fantacalcio.it/ricerca?q=Saelemaekers,,,,,,,,,,,,,,,,
C,Samardzic,Udinese,,,https://www.fantacalcio.it/ricerca?q=Samardzic,,,,,,,,,,,,,,,,
C,Saponara,Verona,,,https://www.fantacalcio.it/ricerca?q=Saponara,,,,,,,,,,,,,,,,
C,Sensi,Inter,,,https://www.fantacalcio.it/ricerca?q=Sensi,,,,,,,,,,,,,,,,
C,Serdar,Verona,,,https://www.fantacalcio.it/ricerca?q=Serdar,,,,,,,,,,,,,,,,
C,Sottil,Fiorentina,,,https://www.fantacalcio.it/ricerca?q=Sottil,,,,,,,,,,,,,,,,
C,Strefezza,Lecce,,,https://www.fantacalcio.it/ricerca?q=Strefezza,,,,,,,,,,,,,,,,
C,Strootman,Genoa,,,https://www.fantacalcio.it/ricerca?q=Strootman,,,,,,,,,,,,,,,,
C,Sulemana I.,Cagliari,,,https://www.fantacalcio.it/ricerca?q=Sulemana I.,,,,,,,,,,,,,,,,
C,Suslov,Verona,,,https://www.fantacalcio.it/ricerca?q=Suslov,,,,,,,,,,,,,,,,
C,Tameze,Torino,,,https://www.fantacalcio.it/ricerca?q=Tameze,,,,,,,,,,,,,,,,
C,Tchaouna,Salernitana,,,https://www.fantacalcio.it/ricerca?q=Tchaouna,,,,,,,,,,,,,,,,
C,Tchatchoua,Verona,,,https://www.fantacalcio.it/ricerca?q=Tchatchoua,,,,,,,,,,,,,,,,
C,Thorsby,Genoa,,,https://www.fantacalcio.it/ricerca?q=Thorsby,,,,,,,,,,,,,,,,
C,Thorstvedt,Sassuolo,,,https://www.fantacalcio.it/ricerca?q=Thorstvedt,,,,,,,,,,,,,,,,
C,Urbanski,Bologna,,,https://www.fantacalcio.it/ricerca?q=Urbanski,,,,,,,,,,,,,,,,
C,Vecino,Lazio,,,https://www.fantacalcio.it/ricerca?q=Vecino,,,,,,,,,,,,,,,,
C,Vignato S.,Monza,,,https://www.fantacalcio.it/ricerca?q=Vignato S.,,,,,,,,,,,,,,,,
C,Viola,Cagliari,,,https://www.fantacalcio.it/ricerca?q=Viola,,,,,,,,,,,,,,,,
C,Vlasic,Torino,,,https://www.fantacalcio.it/ricerca?q=Vlasic,,,,,,,,,,,,,,,,
C,Volpato,Sassuolo,,,https://www.fantacalcio.it/ricerca?q=Volpato,,,,,,,,,,,,,,,,
C,Walace,Udinese,,,https://www.fantacalcio.it/ricerca?q=Walace,,,,,,,,,,,,,,,,
C,Weah,Juventus,,,https://www.fantacalcio.it/ricerca?q=Weah,,,,,,,,,,,,,,,,
C,Zaccagni,Lazio,,,https://www.fantacalcio.it/ricerca?q=Zaccagni,,,,,,,,,,,,,,,,
C,Zalewski,Roma,,,https://www.fantacalcio.it/ricerca?q=Zalewski,,,,,,,,,,,,,,,,
C,Zambo Anguissa,Napoli,,,https://www.fantacalcio.it/ricerca?q=Zambo Anguissa,,,,,,,,,,,,,,,,
C,Zarraga,Udinese,,,https://www.fantacalcio.it/ricerca?q=Zarraga,,,,,,,,,,,,,,,,
C,Zerbin,Napoli,,,https://www.fantacalcio.it/ricerca?q=Zerbin,,,,,,,,,,,,,,,,
C,Zielinski,Napoli,,,https://www.fantacalcio.it/ricerca?q=Zielinski,,,,,,,,,,,,,,,,
A,Abraham,Roma,,,https://www.fantacalcio.it/ricerca?q=Abraham,,,,,,,,,,,,,,,,
A,Ake' M.,Udinese,,,https://www.fantacalcio.it/ricerca?q=Ake' M.,,,,,,,,,,,,,,,,
A,Almqvist,Lecce,,,https://www.fantacalcio.it/ricerca?q=Almqvist,,,,,,,,,,,,,,,,
A,Alvarez A.,Sassuolo,,,https://www.fantacalcio.it/ricerca?q=Alvarez A.,,,,,,,,,,,,,,,,
A,Arnautovic,Inter,,,https://www.fantacalcio.it/ricerca?q=Arnautovic,,,,,,,,,,,,,,,,
A,Azmoun,Roma,,,https://www.fantacalcio.it/ricerca?q=Azmoun,,,,,,,,,,,,,,,,
A,Banda,Lecce,,,https://www.fantacalcio.it/ricerca?q=Banda,,,,,,,,,,,,,,,,
A,Barrow,Bologna,,,https://www.fantacalcio.it/ricerca?q=Barrow,,,,,,,,,,,,,,,,
A,Belotti,Roma,,,https://www.fantacalcio.it/ricerca?q=Belotti,,,,,,,,,,,,,,,,
A,Beltran L.,Fiorentina,,,https://www.fantacalcio.it/ricerca?q=Beltran L.,,,,,,,,,,,,,,,,
A,Berardi,Sassuolo,,,https://www.fantacalcio.it/ricerca?q=Berardi,,,,,,,,,,,,,,,,
A,Bidaoui,Frosinone,,,https://www.fantacalcio.it/ricerca?q=Bidaoui,,,,,,,,,,,,,,,,
A,Bonazzoli,Verona,,,https://www.fantacalcio.it/ricerca?q=Bonazzoli,,,,,,,,,,,,,,,,
A,Botheim,Salernitana,,,https://www.fantacalcio.it/ricerca?q=Botheim,,,,,,,,,,,,,,,,
A,Braaf,Verona,,,https://www.fantacalcio.it/ricerca?q=Braaf,,,,,,,,,,,,,,,,
A,Brekalo,Fiorentina,,,https://www.fantacalcio.it/ricerca?q=Brekalo,,,,,,,,,,,,,,,,
A,Brenner,Udinese,,,https://www.fantacalcio.it/ricerca?q=Brenner,,,,,,,,,,,,,,,,
A,Burnete,Lecce,,,https://www.fantacalcio.it/ricerca?q=Burnete,,,,,,,,,,,,,,,,
A,Cambiaghi,Empoli,,,https://www.fantacalcio.it/ricerca?q=Cambiaghi,,,,,,,,,,,,,,,,
A,Cancellieri,Empoli,,,https://www.fantacalcio.it/ricerca?q=Cancellieri,,,,,,,,,,,,,,,,
A,Caprari,Monza,,,https://www.fantacalcio.it/ricerca?q=Caprari,,,,,,,,,,,,,,,,
A,Caputo,Empoli,,,https://www.fantacalcio.it/ricerca?q=Caputo,,,,,,,,,,,,,,,,
A,Caso,Frosinone,,,https://www.fantacalcio.it/ricerca?q=Caso,,,,,,,,,,,,,,,,
A,Castellanos,Lazio,,,https://www.fantacalcio.it/ricerca?q=Castellanos,,,,,,,,,,,,,,,,
A,Ceide,Sassuolo,,,https://www.fantacalcio.it/ricerca?q=Ceide,,,,,,,,,,,,,,,,
A,Cheddira,Frosinone,,,https://www.fantacalcio.it/ricerca?q=Cheddira,,,,,,,,,,,,,,,,
A,Chiesa,Juventus,,,https://www.fantacalcio.it/ricerca?q=Chiesa,,,,,,,,,,,,,,,,
A,Colombo,Monza,,,https://www.fantacalcio.it/ricerca?q=Colombo,,,,,,,,,,,,,,,,
A,Corfitzen,Lecce,,,https://www.fantacalcio.it/ricerca?q=Corfitzen,,,,,,,,,,,,,,,,
A,Cuni,Frosinone,,,https://www.fantacalcio.it/ricerca?q=Cuni,,,,,,,,,,,,,,,,
A,Davis K.,Udinese,,,https://www.fantacalcio.it/ricerca?q=Davis K.,,,,,,,,,,,,,,,,
A,Defrel,Sassuolo,,,https://www.fantacalcio.it/ricerca?q=Defrel,,,,,,,,,,,,,,,,
A,Destro,Empoli,,,https://www.fantacalcio.it/ricerca?q=Destro,,,,,,,,,,,,,,,,
A,Deulofeu,Udinese,,,https://www.fantacalcio.it/ricerca?q=Deulofeu,,,,,,,,,,,,,,,,
A,Dia,Salernitana,,,https://www.fantacalcio.it/ricerca?q=Dia,,,,,,,,,,,,,,,,
A,Djuric,Verona,,,https://www.fantacalcio.it/ricerca?q=Djuric,,,,,,,,,,,,,,,,
A,Dybala,Roma,,,https://www.fantacalcio.it/ricerca?q=Dybala,,,,,,,,,,,,,,,,
A,Ekong,Empoli,,,https://www.fantacalcio.it/ricerca?q=Ekong,,,,,,,,,,,,,,,,
A,Ekuban,Genoa,,,https://www.fantacalcio.it/ricerca?q=Ekuban,,,,,,,,,,,,,,,,
A,Giroud,Milan,,,https://www.fantacalcio.it/ricerca?q=Giroud,,,,,,,,,,,,,,,,
A,Gonzalez N.,Fiorentina,,,https://www.fantacalcio.it/ricerca?q=Gonzalez N.,,,,,,,,,,,,,,,,
A,Henry,Verona,,,https://www.fantacalcio.it/ricerca?q=Henry,,,,,,,,,,,,,,,,
A,Ikwuemesi,Salernitana,,,https://www.fantacalcio.it/ricerca?q=Ikwuemesi,,,,,,,,,,,,,,,,
A,Immobile,Lazio,,,https://www.fantacalcio.it/ricerca?q=Immobile,,,,,,,,,,,,,,,,
A,Isaksen,Lazio,,,https://www.fantacalcio.it/ricerca?q=Isaksen,,,,,,,,,,,,,,,,
A,Jovane,Salernitana,,,https://www.fantacalcio.it/ricerca?q=Jovane,,,,,,,,,,,,,,,,
A,Jovic,Milan,,,https://www.fantacalcio.it/ricerca?q=Jovic,,,,,,,,,,,,,,,,
A,Kaio Jorge,Frosinone,,,https://www.fantacalcio.it/ricerca?q=Kaio Jorge,,,,,,,,,,,,,,,,
A,Kallon,Verona,,,https://www.fantacalcio.it/ricerca?q=Kallon,,,,,,,,,,,,,,,,
A,Karamoh,Torino,,,https://www.fantacalcio.it/ricerca?q=Karamoh,,,,,,,,,,,,,,,,
A,Karlsson,Bologna,,,https://www.fantacalcio.it/ricerca?q=Karlsson,,,,,,,,,,,,,,,,
A,Kean,Juventus,,,https://www.fantacalcio.it/ricerca?q=Kean,,,,,,,,,,,,,,,,
A,Kokorin,Fiorentina,,,https://www.fantacalcio.it/ricerca?q=Kokorin,,,,,,,,,,,,,,,,
A,Kouame',Fiorentina,,,https://www.fantacalcio.it/ricerca?q=Kouame',,,,,,,,,,,,,,,,
A,Krstovic,Lecce,,,https://www.fantacalcio.it/ricerca?q=Krstovic,,,,,,,,,,,,,,,,
A,Kvaratskhelia,Napoli,,,https://www.fantacalcio.it/ricerca?q=Kvaratskhelia,,,,,,,,,,,,,,,,
A,Kvernadze,Frosinone,,,https://www.fantacalcio.it/ricerca?q=Kvernadze,,,,,,,,,,,,,,,,
A,Lapadula,Cagliari,,,https://www.fantacalcio.it/ricerca?q=Lapadula,,,,,,,,,,,,,,,,
A,Lauriente',Sassuolo,,,https://www.fantacalcio.it/ricerca?q=Lauriente',,,,,,,,,,,,,,,,
A,Lookman,Atalanta,,,https://www.fantacalcio.it/ricerca?q=Lookman,,,,,,,,,,,,,,,,
A,Lucca,Udinese,,,https://www.fantacalcio.it/ricerca?q=Lucca,,,,,,,,,,,,,,,,
A,Lukaku,Roma,,,https://www.fantacalcio.it/ricerca?q=Lukaku,,,,,,,,,,,,,,,,
A,Luvumbo,Cagliari,,,https://www.fantacalcio.it/ricerca?q=Luvumbo,,,,,,,,,,,,,,,,
A,Maric,Monza,,,https://www.fantacalcio.it/ricerca?q=Maric,,,,,,,,,,,,,,,,
A,Martinez L.,Inter,,,https://www.fantacalcio.it/ricerca?q=Martinez L.,,,,,,,,,,,,,,,,
A,Milik,Juventus,,,https://www.fantacalcio.it/ricerca?q=Milik,,,,,,,,,,,,,,,,
A,Mota,Monza,,,https://www.fantacalcio.it/ricerca?q=Mota,,,,,,,,,,,,,,,,
A,Mulattieri,Sassuolo,,,https://www.fantacalcio.it/ricerca?q=Mulattieri,,,,,,,,,,,,,,,,
A,Muriel,Atalanta,,,https://www.fantacalcio.it/ricerca?q=Muriel,,,,,,,,,,,,,,,,
A,Ngonge,Verona,,,https://www.fantacalcio.it/ricerca?q=Ngonge,,,,,,,,,,,,,,,,
A,Nzola,Fiorentina,,,https://www.fantacalcio.it/ricerca?q=Nzola,,,,,,,,,,,,,,,,
A,Okafor,Milan,,,https://www.fantacalcio.it/ricerca?q=Okafor,,,,,,,,,,,,,,,,
A,Osimhen,Napoli,,,https://www.fantacalcio.it/ricerca?q=Osimhen,,,,,,,,,,,,,,,,
A,Pavoletti,Cagliari,,,https://www.fantacalcio.it/ricerca?q=Pavoletti,,,,,,,,,,,,,,,,
A,Pedro,Lazio,,,https://www.fantacalcio.it/ricerca?q=Pedro,,,,,,,,,,,,,,,,
A,Pellegri,Torino,,,https://www.fantacalcio.it/ricerca?q=Pellegri,,,,,,,,,,,,,,,,
A,Petagna,Cagliari,,,https://www.fantacalcio.it/ricerca?q=Petagna,,,,,,,,,,,,,,,,
A,Piccoli,Lecce,,,https://www.fantacalcio.it/ricerca?q=Piccoli,,,,,,,,,,,,,,,,
A,Pinamonti,Sassuolo,,,https://www.fantacalcio.it/ricerca?q=Pinamonti,,,,,,,,,,,,,,,,
A,Puscas,Genoa,,,https://www.fantacalcio.it/ricerca?q=Puscas,,,,,,,,,,,,,,,,
A,Rafael Leao,Milan,,,https://www.fantacalcio.it/ricerca?q=Rafael Leao,,,,,,,,,,,,,,,,
A,Raspadori,Napoli,,,https://www.fantacalcio.it/ricerca?q=Raspadori,,,,,,,,,,,,,,,,
A,Retegui,Genoa,,,https://www.fantacalcio.it/ricerca?q=Retegui,,,,,,,,,,,,,,,,
A,Sanabria,Torino,,,https://www.fantacalcio.it/ricerca?q=Sanabria,,,,,,,,,,,,,,,,
A,Sanchez,Inter,,,https://www.fantacalcio.it/ricerca?q=Sanchez,,,,,,,,,,,,,,,,
A,Scamacca,Atalanta,,,https://www.fantacalcio.it/ricerca?q=Scamacca,,,,,,,,,,,,,,,,
A,Seck,Torino,,,https://www.fantacalcio.it/ricerca?q=Seck,,,,,,,,,,,,,,,,
A,Shomurodov,Cagliari,,,https://www.fantacalcio.it/ricerca?q=Shomurodov,,,,,,,,,,,,,,,,
A,Shpendi S.,Empoli,,,https://www.fantacalcio.it/ricerca?q=Shpendi S.,,,,,,,,,,,,,,,,
A,Simeone,Napoli,,,https://www.fantacalcio.it/ricerca?q=Simeone,,,,,,,,,,,,,,,,
A,Soule',Frosinone,,,https://www.fantacalcio.it/ricerca?q=Soule',,,,,,,,,,,,,,,,
A,Stewart,Salernitana,,,https://www.fantacalcio.it/ricerca?q=Stewart,,,,,,,,,,,,,,,,
A,Success,Udinese,,,https://www.fantacalcio.it/ricerca?q=Success,,,,,,,,,,,,,,,,
A,Thauvin,Udinese,,,https://www.fantacalcio.it/ricerca?q=Thauvin,,,,,,,,,,,,,,,,
A,Thuram,Inter,,,https://www.fantacalcio.it/ricerca?q=Thuram,,,,,,,,,,,,,,,,
A,Toure' E.,Atalanta,,,https://www.fantacalcio.it/ricerca?q=Toure' E.,,,,,,,,,,,,,,,,
A,Valencia D.,Salernitana,,,https://www.fantacalcio.it/ricerca?q=Valencia D.,,,,,,,,,,,,,,,,
A,Van Hooijdonk,Bologna,,,https://www.fantacalcio.it/ricerca?q=Van Hooijdonk,,,,,,,,,,,,,,,,
A,Vivaldo,Udinese,,,https://www.fantacalcio.it/ricerca?q=Vivaldo,,,,,,,,,,,,,,,,
A,Vlahovic,Juventus,,,https://www.fantacalcio.it/ricerca?q=Vlahovic,,,,,,,,,,,,,,,,
A,Yalcin,Genoa,,,https://www.fantacalcio.it/ricerca?q=Yalcin,,,,,,,,,,,,,,,,
A,Yildiz,Juventus,,,https://www.fantacalcio.it/ricerca?q=Yildiz,,,,,,,,,,,,,,,,
A,Zapata D.,Torino,,,https://www.fantacalcio.it/ricerca?q=Zapata D.,,,,,,,,,,,,,,,,
A,Zirkzee,Bologna,,,https://www.fantacalcio.it/ricerca?q=Zirkzee,,,,,,,,,,,,,,,,
